S.NO,Customer Id,Category,Mode of Payment,Amount Spent,Date
1,7498,Travel,Cash,7470.3491,2023-12-09
2,7191,Investments,Credit Card,6010.6657,2023-05-26
3,7020,Travel,Net Banking,10312.6636,2023-03-19
4,7724,Food,Net Banking,17585.6875,2023-02-22
5,7902,Investments,UPI,8542.4371,2023-08-15
6,7162,Investments,Credit Card,18959.275,2023-08-11
7,7405,Travel,Credit Card,5484.6534,2023-09-05
8,7125,Shopping,Debit Card,12933.712,2023-08-16
9,7789,Shopping,UPI,2299.0464,2023-09-10
10,7538,Utility Bills,Cash,14490.0272,2023-04-19
11,7260,Travel,UPI,2692.8258,2023-08-16
12,7497,Utility Bills,Net Banking,11210.2283,2023-04-10
13,7961,Investments,Wallet,10296.2905,2023-02-18
14,7946,Investments,Credit Card,11841.5402,2023-08-01
15,7408,Travel,Cash,5158.7944,2023-11-26
16,7708,Food,Credit Card,16521.2241,2023-03-24
17,7494,Groceries,Cash,4676.5267,2023-10-02
18,7119,Investments,Net Banking,18685.1533,2023-12-22
19,7740,Travel,Net Banking,5235.9662,2023-07-06
20,7881,Food,UPI,15804.0363,2023-06-29
21,7131,Food,Wallet,19620.5973,2023-07-29
22,7493,Food,Cash,14038.553,2023-07-14
23,7315,Utility Bills,Cash,9961.9949,2023-06-26
24,7487,Travel,Debit Card,10508.2564,2023-05-10
25,7632,Groceries,UPI,13568.0271,2023-01-19
26,7590,Food,UPI,10409.3224,2023-04-17
27,7009,Investments,Debit Card,5362.2185,2023-10-23
28,7529,Groceries,Wallet,3430.0902,2023-06-19
29,7189,Investments,Net Banking,14384.5114,2023-10-16
30,7663,Utility Bills,Wallet,3872.1264,2023-03-01
31,7361,Utility Bills,Wallet,15642.7539,2023-09-05
32,7163,Utility Bills,UPI,17077.6791,2023-11-20
33,7782,Shopping,Credit Card,4086.5152,2023-06-10
34,7038,Food,Wallet,11654.2453,2023-12-31
35,7550,Investments,UPI,19582.0893,2023-06-10
36,7913,Groceries,Wallet,7904.7903,2023-09-21
37,7625,Travel,Wallet,7385.246,2023-12-27
38,7138,Investments,Credit Card,14349.8623,2023-03-18
39,7076,Investments,Credit Card,3196.6616,2023-05-19
40,7889,Utility Bills,UPI,5822.8613,2023-09-22
41,7910,Food,Wallet,5966.5698,2023-11-17
42,7871,Utility Bills,Net Banking,7426.3796,2023-08-27
43,7301,Utility Bills,Debit Card,15993.0529,2023-12-31
44,7194,Utility Bills,UPI,7651.7135,2023-01-20
45,7687,Groceries,Net Banking,10357.7098,2023-12-29
46,7564,Utility Bills,Net Banking,18464.6713,2023-06-17
47,7091,Investments,Debit Card,15843.4124,2023-03-01
48,7648,Food,UPI,19488.5703,2023-01-08
49,7681,Food,Wallet,13505.9161,2023-12-03
50,7795,Investments,Credit Card,17999.3843,2023-04-03
51,7256,Shopping,Cash,9849.9012,2023-09-08
52,7085,Utility Bills,Credit Card,4318.863,2023-04-11
53,7370,Travel,Cash,17500.068,2023-09-17
54,7170,Utility Bills,Wallet,10425.7192,2023-02-25
55,7980,Investments,Debit Card,5216.4191,2023-02-28
56,7585,Utility Bills,UPI,5811.6213,2023-12-26
57,7996,Utility Bills,Wallet,9726.18,2023-12-17
58,7802,Travel,Credit Card,13515.8865,2023-07-17
59,7004,Shopping,Credit Card,12391.2306,2023-09-12
60,7852,Investments,Credit Card,10928.2593,2023-02-01
61,7559,Shopping,UPI,7399.8168,2023-10-20
62,7726,Investments,Credit Card,6161.3283,2023-06-25
63,7648,Food,Wallet,12383.579,2023-02-24
64,7698,Food,UPI,4801.6407,2023-01-31
65,7121,Shopping,Wallet,8589.2788,2023-04-11
66,7774,Travel,Debit Card,13973.5137,2023-08-04
67,7355,Groceries,Net Banking,16449.2156,2023-03-12
68,7484,Shopping,UPI,10688.8516,2023-07-12
69,7087,Travel,Cash,6556.7354,2023-06-07
70,7441,Food,Debit Card,5624.4775,2023-06-21
71,7235,Groceries,UPI,7360.4978,2023-06-09
72,7789,Groceries,Wallet,12547.1464,2023-11-21
73,7514,Food,Net Banking,7269.2548,2023-12-16
74,7441,Food,Credit Card,14112.6034,2023-12-30
75,7579,Shopping,Net Banking,4783.2243,2023-01-22
76,7626,Food,UPI,19743.1272,2023-04-07
77,7493,Groceries,Debit Card,14423.9241,2023-01-10
78,7220,Investments,Cash,10917.4501,2023-11-01
79,7934,Shopping,Net Banking,9106.136,2023-09-26
80,7159,Investments,UPI,16873.4126,2023-10-20
81,7675,Travel,UPI,9140.6173,2023-10-26
82,7408,Utility Bills,Debit Card,9699.9873,2023-11-05
83,7063,Utility Bills,UPI,7944.0713,2023-03-17
84,7348,Utility Bills,Wallet,4031.9197,2023-05-03
85,7602,Shopping,Cash,3723.9546,2023-05-29
86,7550,Investments,UPI,9839.5962,2023-09-28
87,7981,Shopping,Cash,13699.8939,2023-06-25
88,7997,Utility Bills,Debit Card,19767.379,2023-02-21
89,7450,Investments,Debit Card,15239.7383,2023-05-01
90,7503,Food,Credit Card,17632.8723,2023-11-25
91,7897,Investments,Wallet,4384.7118,2023-04-19
92,7469,Food,Net Banking,7069.2247,2023-06-11
93,7234,Utility Bills,Wallet,10399.765,2023-12-23
94,7294,Food,Net Banking,3530.0252,2023-07-13
95,7030,Shopping,Cash,3718.8446,2023-08-26
96,7725,Utility Bills,Wallet,19921.652,2023-02-07
97,7439,Travel,Cash,17556.8648,2023-05-01
98,7064,Shopping,Net Banking,9242.5335,2023-12-14
99,7683,Travel,Cash,19244.5311,2023-02-04
100,7616,Groceries,UPI,12667.9682,2023-07-24
101,7714,Shopping,Debit Card,19739.7647,2023-08-11
102,7238,Travel,Debit Card,13789.4614,2023-03-18
103,7045,Shopping,Debit Card,5755.5103,2023-09-29
104,7693,Food,Wallet,9287.2705,2023-03-06
105,7009,Food,Net Banking,3562.2108,2023-02-14
106,7490,Utility Bills,Wallet,13686.5545,2023-02-19
107,7232,Shopping,Net Banking,18866.1559,2023-10-19
108,7774,Food,Debit Card,9144.8792,2023-06-03
109,7105,Food,Credit Card,18809.3553,2023-01-31
110,7753,Shopping,Wallet,11796.4677,2023-05-28
111,7019,Food,Credit Card,2655.5859,2023-03-10
112,7608,Shopping,UPI,11609.0028,2023-12-15
113,7197,Groceries,Net Banking,11010.5521,2023-12-08
114,7326,Investments,Net Banking,5454.0378,2023-08-28
115,7935,Investments,Net Banking,5726.2931,2023-03-06
116,7702,Food,Cash,5572.5234,2023-03-11
117,7663,Groceries,Debit Card,11234.7041,2023-05-23
118,7313,Investments,Wallet,15733.0743,2023-12-20
119,7146,Utility Bills,UPI,13543.34,2023-02-08
120,7654,Groceries,Cash,18382.8379,2023-04-17
121,7457,Food,UPI,5726.7615,2023-04-08
122,7017,Utility Bills,UPI,7370.0366,2023-08-05
123,7995,Food,Debit Card,9190.0522,2023-02-15
124,7896,Investments,Wallet,6038.5509,2023-04-12
125,7229,Investments,Debit Card,18157.325,2023-03-09
126,7776,Investments,Wallet,9654.0995,2023-08-26
127,7107,Investments,Wallet,2894.4777,2023-11-09
128,7713,Groceries,Credit Card,6377.6338,2023-01-06
129,7121,Investments,Net Banking,10494.6348,2023-09-18
130,7319,Shopping,UPI,11142.101,2023-10-01
131,7485,Food,Wallet,10238.3374,2023-12-11
132,7613,Groceries,Wallet,17396.6824,2023-01-25
133,7784,Utility Bills,Net Banking,17161.9529,2023-10-21
134,7477,Groceries,Wallet,19755.5789,2023-11-29
135,7320,Food,Cash,5664.4887,2023-12-05
136,7248,Shopping,Net Banking,14014.2951,2023-12-27
137,7342,Utility Bills,UPI,14451.5795,2023-07-03
138,7764,Travel,Debit Card,11549.9344,2023-09-29
139,7861,Utility Bills,Net Banking,10548.0927,2023-12-28
140,7919,Groceries,Wallet,1866.8011,2023-12-09
141,7866,Groceries,Debit Card,4880.1076,2023-08-06
142,8000,Investments,Debit Card,12991.7313,2023-10-30
143,7067,Travel,Credit Card,18608.9636,2023-01-02
144,7792,Travel,Debit Card,15344.3507,2023-08-21
145,7563,Food,Wallet,9491.6119,2023-05-07
146,7447,Travel,UPI,8451.515,2023-06-30
147,7016,Food,Cash,5635.0181,2023-12-13
148,8009,Investments,Debit Card,12099.8109,2023-10-17
149,7587,Groceries,UPI,17359.212,2023-03-28
150,7791,Investments,Debit Card,1781.6627,2023-05-02
151,7229,Shopping,Credit Card,11584.3393,2023-03-04
152,7199,Travel,Cash,4653.0837,2023-08-12
153,7788,Utility Bills,Cash,4996.7211,2023-08-08
154,7968,Food,Credit Card,19568.4439,2023-07-17
155,7455,Travel,Net Banking,4093.891,2023-04-28
156,7639,Shopping,Cash,18607.5192,2023-05-18
157,7466,Travel,Credit Card,11519.9757,2023-06-02
158,7237,Investments,Credit Card,14008.1879,2023-10-26
159,7403,Travel,Cash,7613.3104,2023-12-12
160,7340,Shopping,Debit Card,11789.1673,2023-01-15
161,7182,Shopping,Cash,10199.5856,2023-06-09
162,7217,Groceries,Cash,11443.453,2023-02-16
163,7492,Travel,Cash,15720.267,2023-10-01
164,7960,Investments,Wallet,3849.6203,2023-02-04
165,7898,Food,Debit Card,8964.6218,2023-04-23
166,7425,Shopping,UPI,3955.7153,2023-09-20
167,7912,Food,Debit Card,13221.755,2023-11-20
168,7667,Utility Bills,Debit Card,14865.2909,2023-03-23
169,7788,Food,Credit Card,18346.2714,2023-08-17
170,7491,Shopping,Debit Card,3942.421,2023-08-04
171,7621,Travel,Wallet,14990.6022,2023-07-05
172,7185,Groceries,Credit Card,13155.1678,2023-09-14
173,7196,Travel,UPI,5359.238,2023-02-16
174,7441,Groceries,Cash,12398.2469,2023-11-06
175,7230,Food,Credit Card,11395.6516,2023-01-01
176,7089,Travel,UPI,2106.8362,2023-03-03
177,7084,Groceries,Debit Card,12512.7258,2023-04-04
178,7737,Groceries,Debit Card,6451.3006,2023-06-14
179,7488,Groceries,Credit Card,19596.1032,2023-09-28
180,7494,Utility Bills,UPI,17949.0095,2023-07-20
181,7605,Food,Net Banking,15852.3245,2023-10-05
182,7886,Food,Wallet,11727.1386,2023-02-16
183,7568,Food,Net Banking,11894.3119,2023-03-08
184,7141,Investments,Credit Card,13127.2738,2023-12-19
185,7311,Travel,Wallet,19766.6047,2023-02-14
186,7003,Travel,Debit Card,4629.4253,2023-07-30
187,7191,Investments,Net Banking,13397.1502,2023-01-19
188,7604,Investments,Cash,10232.2637,2023-06-06
189,7774,Shopping,Wallet,18737.5311,2023-03-08
190,7165,Food,Net Banking,4450.3017,2023-02-01
191,7608,Investments,Debit Card,3058.9009,2023-01-03
192,7464,Travel,Wallet,18090.238,2023-01-09
193,7975,Food,UPI,19653.6025,2023-10-20
194,7165,Food,Wallet,15147.268,2023-04-04
195,7847,Investments,Credit Card,9669.726,2023-08-21
196,7351,Utility Bills,Credit Card,14387.6658,2023-06-02
197,7551,Groceries,Cash,18786.5082,2023-02-16
198,7488,Travel,UPI,1851.5954,2023-09-26
199,7288,Travel,Wallet,8046.9846,2023-07-11
200,7700,Groceries,Wallet,17384.2186,2023-05-11
201,7797,Food,Credit Card,9245.5083,2023-04-08
202,7951,Shopping,Debit Card,18134.3178,2023-01-16
203,7824,Utility Bills,Debit Card,18623.5374,2023-04-19
204,7612,Travel,Wallet,7899.1972,2023-08-25
205,7503,Utility Bills,UPI,10846.5812,2023-07-25
206,7789,Travel,UPI,10137.1164,2023-06-06
207,7326,Food,Cash,9495.5573,2023-07-10
208,7396,Utility Bills,Cash,9850.0701,2023-11-25
209,7351,Groceries,Credit Card,13223.7304,2023-05-01
210,7400,Food,Wallet,11775.6057,2023-10-24
211,7202,Shopping,Credit Card,17447.5359,2023-01-29
212,7995,Travel,Cash,19613.9909,2023-04-11
213,7733,Utility Bills,Cash,17713.3849,2023-11-11
214,7601,Utility Bills,Cash,13284.7677,2023-09-24
215,7810,Utility Bills,Debit Card,12663.6846,2023-03-04
216,7273,Food,Debit Card,7426.893,2023-09-04
217,7840,Groceries,Wallet,19452.0841,2023-09-25
218,7287,Investments,Cash,3077.3072,2023-10-30
219,7657,Shopping,Debit Card,13333.7784,2023-08-10
220,7642,Groceries,Credit Card,17478.0006,2023-03-11
221,7794,Groceries,Cash,18891.3546,2023-06-19
222,7467,Investments,Cash,5443.8434,2023-02-20
223,8010,Groceries,Cash,7047.4243,2023-09-06
224,7803,Food,Cash,7914.358,2023-08-20
225,7995,Investments,UPI,19949.4523,2023-10-10
226,7727,Groceries,Net Banking,7275.39,2023-09-09
227,7230,Utility Bills,Cash,7946.6981,2023-09-09
228,7377,Food,Net Banking,15208.8038,2023-06-19
229,7426,Investments,Net Banking,7573.283,2023-01-17
230,7550,Groceries,Wallet,13703.3063,2023-08-12
231,7768,Food,Cash,9172.9188,2023-11-24
232,7382,Investments,Cash,10760.5916,2023-03-22
233,7288,Shopping,Wallet,9327.2115,2023-04-10
234,7103,Utility Bills,Cash,16640.0288,2023-09-21
235,7154,Groceries,Cash,1804.5204,2023-10-13
236,7283,Utility Bills,UPI,18990.8147,2023-01-13
237,7340,Utility Bills,Debit Card,10798.7922,2023-09-14
238,7157,Food,Cash,5576.6558,2023-05-19
239,7172,Utility Bills,Cash,9642.5394,2023-01-27
240,7250,Utility Bills,Cash,16846.8911,2023-08-18
241,7648,Groceries,Net Banking,14578.2867,2023-03-11
242,7617,Travel,Net Banking,7147.0499,2023-11-15
243,7247,Investments,Credit Card,8129.9669,2023-01-03
244,7123,Investments,UPI,17962.6412,2023-04-04
245,7977,Travel,Debit Card,18299.9466,2023-12-13
246,7185,Shopping,Wallet,8061.1452,2023-05-01
247,7632,Utility Bills,Debit Card,13447.8242,2023-07-20
248,7330,Utility Bills,Net Banking,15220.9704,2023-08-10
249,7538,Utility Bills,Debit Card,11847.3732,2023-04-30
250,7036,Food,Debit Card,12618.3565,2023-05-10
251,7868,Groceries,Wallet,10571.2749,2023-01-29
252,7155,Shopping,Credit Card,11250.5389,2023-06-11
253,7563,Travel,Credit Card,5893.2736,2023-12-18
254,7441,Investments,Credit Card,14085.9266,2023-04-26
255,7133,Utility Bills,Wallet,10830.9099,2023-06-26
256,7245,Groceries,Wallet,11687.0245,2023-03-29
257,7762,Food,Wallet,13719.3594,2023-03-11
258,7158,Utility Bills,Wallet,9568.5567,2023-05-22
259,7466,Investments,Net Banking,4834.3248,2023-06-02
260,7646,Groceries,Credit Card,3809.0431,2023-02-03
261,7904,Groceries,Net Banking,15213.7317,2023-11-21
262,7747,Shopping,Net Banking,14980.8599,2023-03-22
263,7613,Groceries,Cash,5297.1526,2023-02-10
264,7765,Utility Bills,UPI,13854.1884,2023-01-15
265,7329,Groceries,Credit Card,3626.4038,2023-08-22
266,7051,Food,Credit Card,10675.8522,2023-05-30
267,7780,Shopping,Net Banking,13291.231,2023-06-18
268,7422,Travel,Net Banking,16937.693,2023-01-26
269,7388,Shopping,Credit Card,18637.6433,2023-11-12
270,7797,Food,Cash,15901.9213,2023-09-04
271,7126,Travel,Debit Card,4850.9182,2023-03-25
272,7019,Shopping,Debit Card,15060.1929,2023-01-28
273,7305,Travel,Credit Card,13578.239,2023-09-01
274,7031,Shopping,Credit Card,19669.8458,2023-10-10
275,7805,Food,Debit Card,18458.5257,2023-07-04
276,7488,Groceries,Credit Card,13026.1477,2023-01-05
277,7507,Travel,Net Banking,3649.4776,2023-09-30
278,7532,Food,Debit Card,14579.0512,2023-03-14
279,7583,Groceries,UPI,6585.8633,2023-11-08
280,7436,Shopping,Cash,11351.0545,2023-08-16
281,7888,Food,Net Banking,18996.8715,2023-07-19
282,7288,Utility Bills,Wallet,5694.6806,2023-11-01
283,7821,Food,Net Banking,9987.3835,2023-09-12
284,7804,Shopping,Wallet,17439.7814,2023-08-10
285,7863,Utility Bills,UPI,13953.0212,2023-01-13
286,7176,Groceries,Net Banking,10397.3168,2023-03-26
287,7406,Food,Net Banking,4703.6473,2023-03-10
288,7906,Utility Bills,Credit Card,16895.6906,2023-09-13
289,7071,Travel,Cash,7764.1327,2023-02-22
290,7483,Utility Bills,UPI,16237.6826,2023-04-15
291,7498,Investments,Debit Card,19166.9111,2023-09-01
292,7160,Utility Bills,Credit Card,5637.1888,2023-06-12
293,7431,Shopping,Net Banking,15829.2564,2023-09-04
294,7120,Travel,Cash,4458.3217,2023-09-04
295,7103,Food,Cash,7549.1959,2023-09-27
296,7805,Food,Debit Card,14936.2008,2023-11-24
297,7240,Investments,Debit Card,19987.5721,2023-05-20
298,7598,Groceries,UPI,13856.7583,2023-06-13
299,7333,Shopping,UPI,19420.5896,2023-09-01
300,7739,Travel,UPI,9666.7538,2023-03-20
301,7401,Utility Bills,Cash,3093.9465,2023-12-12
302,8004,Utility Bills,Net Banking,8925.8305,2023-07-03
303,7407,Travel,Cash,1621.4832,2023-07-27
304,7458,Investments,Cash,17942.8871,2023-11-27
305,7502,Groceries,Wallet,9647.1555,2023-04-18
306,7349,Travel,Cash,2271.9555,2023-01-23
307,7458,Groceries,Debit Card,6339.4936,2023-04-14
308,7932,Travel,Wallet,18092.6416,2023-03-03
309,7669,Groceries,Wallet,7572.6845,2023-12-09
310,7442,Utility Bills,Cash,9006.7856,2023-12-05
311,7536,Utility Bills,Cash,14597.257,2023-04-25
312,7949,Investments,Wallet,15281.6479,2023-08-26
313,7978,Travel,Credit Card,14674.3857,2023-02-16
314,7698,Travel,Credit Card,8713.7296,2023-01-12
315,7401,Utility Bills,Debit Card,18748.1591,2023-06-15
316,7109,Utility Bills,Wallet,15474.5672,2023-11-11
317,7898,Utility Bills,Cash,16276.8902,2023-12-05
318,7903,Utility Bills,Wallet,19336.0435,2023-10-15
319,7114,Travel,Wallet,14580.3021,2023-10-21
320,7469,Shopping,UPI,12517.66,2023-02-16
321,7280,Food,UPI,7714.3007,2023-06-03
322,7386,Groceries,Cash,1780.8181,2023-03-19
323,7310,Utility Bills,Net Banking,10442.6077,2023-05-21
324,7349,Utility Bills,Wallet,5062.7649,2023-04-08
325,7618,Investments,UPI,4924.7518,2023-07-07
326,7542,Food,Debit Card,4807.2719,2023-05-15
327,7848,Groceries,UPI,2725.6074,2023-04-03
328,7767,Travel,Credit Card,2798.8528,2023-04-01
329,7051,Utility Bills,Credit Card,7420.725,2023-03-15
330,7026,Utility Bills,Wallet,5517.9785,2023-04-13
331,7940,Shopping,Credit Card,19030.6642,2023-10-07
332,7200,Food,Credit Card,19905.425,2023-08-27
333,7115,Shopping,UPI,1819.3126,2023-08-25
334,7155,Investments,Cash,5032.5208,2023-05-04
335,7885,Shopping,Cash,11104.939,2023-04-26
336,7159,Shopping,Debit Card,3213.2087,2023-04-26
337,7624,Travel,Cash,12623.658,2023-10-22
338,7994,Shopping,Debit Card,6242.4851,2023-03-29
339,7127,Groceries,Debit Card,10181.7958,2023-05-01
340,7532,Shopping,UPI,16582.3553,2023-10-14
341,7455,Groceries,UPI,18924.8564,2023-11-29
342,7916,Travel,Net Banking,2525.2287,2023-11-24
343,7231,Travel,Net Banking,15631.0592,2023-02-02
344,7265,Utility Bills,Credit Card,12756.7735,2023-11-01
345,7503,Utility Bills,Debit Card,17107.6448,2023-03-25
346,7048,Food,Debit Card,15939.6078,2023-04-03
347,7306,Investments,Net Banking,6909.6174,2023-02-14
348,7485,Utility Bills,Net Banking,8462.9228,2023-11-09
349,7096,Investments,Cash,7505.7236,2023-06-05
350,7563,Food,Cash,12549.4729,2023-03-19
351,7920,Utility Bills,Wallet,16963.0135,2023-12-30
352,7034,Shopping,Cash,17072.4183,2023-11-05
353,7307,Groceries,Cash,5598.9207,2023-10-05
354,7648,Utility Bills,Net Banking,14880.9744,2023-03-22
355,7113,Food,Cash,9217.8626,2023-03-09
356,7593,Investments,Credit Card,15712.1636,2023-09-24
357,7832,Travel,UPI,9492.4666,2023-07-31
358,7915,Investments,Net Banking,14729.3788,2023-07-17
359,7667,Travel,Credit Card,16671.9554,2023-01-19
360,7974,Food,Wallet,10279.8642,2023-10-24
361,7303,Shopping,Cash,15268.8556,2023-10-18
362,7660,Groceries,Net Banking,6029.2147,2023-08-02
363,7727,Groceries,Cash,8375.6826,2023-08-14
364,7737,Food,Credit Card,2312.7323,2023-08-21
365,7959,Food,UPI,7970.4395,2023-01-31
366,7426,Shopping,Wallet,4517.379,2023-01-05
367,8006,Shopping,Credit Card,12958.2161,2023-02-05
368,7713,Groceries,Debit Card,16182.2862,2023-09-15
369,7084,Travel,Net Banking,12424.0294,2023-09-01
370,7409,Investments,Wallet,2610.089,2023-11-20
371,7677,Groceries,Net Banking,12729.8652,2023-01-15
372,7234,Shopping,Cash,8801.4808,2023-04-06
373,7402,Food,Debit Card,19538.6898,2023-11-02
374,7646,Food,Cash,2540.216,2023-04-25
375,7872,Groceries,Net Banking,10717.3903,2023-05-18
376,7941,Investments,Cash,7809.9716,2023-08-09
377,7455,Food,Wallet,14467.3959,2023-11-06
378,7257,Shopping,Net Banking,13714.8375,2023-09-10
379,7328,Travel,UPI,8881.211,2023-10-04
380,7561,Utility Bills,Debit Card,8921.3377,2023-11-10
381,7964,Utility Bills,Wallet,19147.0862,2023-09-10
382,7534,Shopping,UPI,3317.1218,2023-09-24
383,7815,Travel,UPI,1678.612,2023-02-14
384,7273,Utility Bills,Credit Card,11027.6272,2023-09-04
385,7614,Travel,Credit Card,9796.6052,2023-12-04
386,7088,Food,Cash,4495.9302,2023-08-28
387,7100,Food,Net Banking,6888.3058,2023-04-20
388,7198,Travel,Credit Card,17119.5853,2023-01-25
389,7351,Travel,UPI,4617.0039,2023-08-18
390,7965,Shopping,Credit Card,7250.8321,2023-06-23
391,7264,Travel,Wallet,6666.4863,2023-02-03
392,7813,Shopping,Wallet,8575.3311,2023-09-08
393,7909,Shopping,Cash,2401.6774,2023-10-23
394,7764,Utility Bills,Credit Card,15401.7358,2023-09-25
395,7323,Investments,Wallet,6330.2655,2023-04-26
396,7732,Travel,Debit Card,4265.0123,2023-04-06
397,7704,Utility Bills,UPI,5433.7768,2023-01-14
398,7728,Investments,UPI,2978.7294,2023-05-09
399,7901,Investments,Cash,9290.7897,2023-12-18
400,7651,Groceries,Net Banking,12279.734,2023-04-29
401,7156,Investments,Credit Card,16622.2609,2023-10-24
402,7173,Shopping,Net Banking,3672.5449,2023-01-01
403,7604,Travel,Debit Card,3370.0729,2023-04-17
404,7687,Groceries,Debit Card,17322.8512,2023-09-17
405,7195,Investments,Debit Card,7081.7961,2023-05-24
406,7525,Food,Debit Card,7164.8343,2023-09-05
407,7753,Investments,Cash,2252.0555,2023-01-13
408,7773,Investments,Net Banking,16603.6,2023-07-27
409,7699,Utility Bills,Cash,11474.9022,2023-09-08
410,7028,Travel,Debit Card,6491.9547,2023-12-28
411,7823,Food,UPI,17954.0053,2023-03-13
412,7819,Utility Bills,Cash,8248.8056,2023-05-31
413,7903,Shopping,Credit Card,6157.6058,2023-07-08
414,7468,Shopping,Wallet,8939.1295,2023-06-09
415,7086,Utility Bills,UPI,12472.8333,2023-03-21
416,7146,Investments,Cash,19743.7911,2023-10-24
417,7107,Food,Cash,4406.2055,2023-10-07
418,7937,Food,Credit Card,4823.4556,2023-08-03
419,7718,Groceries,Cash,10695.7486,2023-07-09
420,7019,Investments,Cash,11678.6159,2023-01-27
421,7027,Travel,UPI,9946.5511,2023-09-27
422,7289,Groceries,Net Banking,15721.4933,2023-08-15
423,7462,Travel,Wallet,2167.9542,2023-01-03
424,7728,Food,Wallet,17871.466,2023-06-24
425,7729,Groceries,UPI,11474.2547,2023-10-19
426,7626,Groceries,Cash,13212.8235,2023-06-16
427,7013,Groceries,UPI,15366.718,2023-05-04
428,7871,Utility Bills,Wallet,14284.6713,2023-03-26
429,7712,Investments,UPI,12152.4581,2023-01-08
430,7352,Travel,Cash,15512.553,2023-10-30
431,7446,Travel,Cash,4487.2619,2023-02-03
432,7629,Groceries,Net Banking,10195.1282,2023-09-24
433,7306,Shopping,Debit Card,8615.0281,2023-08-02
434,7693,Groceries,Credit Card,18479.7932,2023-05-05
435,7847,Investments,Credit Card,17311.571,2023-10-03
436,7836,Food,Debit Card,15246.6835,2023-03-16
437,7899,Utility Bills,Debit Card,5784.7135,2023-03-28
438,7575,Investments,Wallet,9733.9949,2023-01-20
439,7449,Investments,Wallet,12085.3858,2023-12-17
440,7094,Food,UPI,6467.5639,2023-09-09
441,7529,Investments,Debit Card,10776.8397,2023-07-17
442,7906,Groceries,Cash,8734.6011,2023-02-28
443,7769,Utility Bills,Cash,13417.833,2023-08-03
444,7943,Utility Bills,Net Banking,18360.9836,2023-05-16
445,7445,Investments,Cash,15783.5289,2023-01-21
446,7323,Utility Bills,Net Banking,8707.3934,2023-01-11
447,7841,Utility Bills,Cash,10937.3669,2023-02-04
448,7500,Investments,Net Banking,5276.633,2023-07-10
449,7514,Shopping,Wallet,8199.5661,2023-03-25
450,7507,Utility Bills,Net Banking,4428.4218,2023-12-15
451,7310,Groceries,Net Banking,3438.2809,2023-05-03
452,7469,Groceries,UPI,9666.873,2023-09-28
453,7992,Investments,UPI,18735.6318,2023-07-25
454,7079,Travel,Credit Card,9346.5205,2023-09-12
455,7307,Food,Wallet,15930.3852,2023-06-15
456,7391,Food,Net Banking,16591.7692,2023-03-24
457,7960,Groceries,Debit Card,1982.6875,2023-06-01
458,7490,Groceries,Credit Card,17964.0791,2023-06-10
459,7412,Travel,Cash,2624.8501,2023-11-14
460,7487,Utility Bills,UPI,17343.7163,2023-08-03
461,7512,Food,Cash,18976.0706,2023-02-28
462,7333,Travel,Net Banking,19225.5588,2023-12-25
463,7287,Food,Net Banking,2628.4101,2023-12-29
464,7929,Food,Cash,19023.4939,2023-04-23
465,7289,Food,Wallet,19516.0304,2023-10-07
466,7468,Groceries,Cash,15820.6446,2023-12-13
467,7866,Investments,Debit Card,17486.3409,2023-09-17
468,7756,Food,Cash,3664.4232,2023-11-28
469,7326,Travel,Cash,4775.8938,2023-07-13
470,7143,Food,Net Banking,2150.5259,2023-03-03
471,7985,Food,UPI,13637.7685,2023-05-24
472,7925,Investments,Debit Card,12867.7768,2023-12-22
473,7226,Shopping,Credit Card,14467.9416,2023-01-12
474,7171,Shopping,Wallet,4174.6135,2023-10-10
475,7107,Investments,Net Banking,12907.4002,2023-01-14
476,7838,Investments,UPI,6798.4162,2023-08-27
477,7368,Utility Bills,Net Banking,5949.857,2023-06-19
478,7375,Shopping,Net Banking,12378.4052,2023-09-14
479,7550,Groceries,Cash,3882.0011,2023-07-18
480,7692,Groceries,UPI,16364.3759,2023-07-31
481,7060,Investments,Wallet,2965.1079,2023-08-07
482,7336,Investments,Wallet,15778.4501,2023-08-11
483,7921,Utility Bills,Cash,12019.7316,2023-03-26
484,7091,Food,Credit Card,10185.4737,2023-03-19
485,7887,Shopping,Cash,7517.2415,2023-04-26
486,7753,Utility Bills,Wallet,3246.5685,2023-07-31
487,7759,Investments,Debit Card,7515.68,2023-07-26
488,7323,Food,UPI,18384.2562,2023-06-17
489,7785,Utility Bills,Debit Card,18946.083,2023-12-02
490,7796,Food,Debit Card,6634.599,2023-01-30
491,7047,Travel,Wallet,10126.8186,2023-06-12
492,7987,Shopping,UPI,2030.2699,2023-06-09
493,7940,Utility Bills,Credit Card,6341.1086,2023-09-15
494,7201,Utility Bills,Cash,9914.5377,2023-11-16
495,8003,Investments,UPI,9894.5252,2023-05-04
496,7299,Shopping,Debit Card,12303.9506,2023-01-28
497,7581,Utility Bills,Cash,10275.9403,2023-02-19
498,7490,Groceries,Debit Card,19950.751,2023-03-11
499,7930,Investments,UPI,4637.1623,2023-03-29
500,7830,Food,Net Banking,2086.5712,2023-07-27
501,7817,Utility Bills,UPI,11042.7025,2023-05-10
502,7145,Travel,Wallet,19176.9862,2023-08-20
503,7604,Food,Net Banking,6728.4952,2023-09-13
504,7594,Utility Bills,Net Banking,3146.6837,2023-09-05
505,7343,Shopping,Net Banking,8968.9524,2023-06-28
506,7299,Travel,Wallet,3649.851,2023-06-30
507,7250,Shopping,Net Banking,11211.9306,2023-06-18
508,7333,Groceries,Credit Card,14971.9438,2023-05-18
509,7770,Travel,Cash,13185.6124,2023-11-20
510,7604,Travel,Debit Card,7547.5117,2023-02-24
511,7702,Investments,Debit Card,11063.2463,2023-02-03
512,7496,Shopping,Debit Card,9471.2878,2023-03-14
513,7195,Shopping,Credit Card,16197.9871,2023-03-09
514,7535,Groceries,UPI,18755.8153,2023-04-17
515,7406,Utility Bills,Debit Card,13201.2134,2023-03-29
516,7135,Travel,Cash,2497.407,2023-11-14
517,7449,Shopping,Credit Card,6462.7749,2023-08-31
518,7609,Utility Bills,Credit Card,15443.7045,2023-03-14
519,7717,Groceries,Credit Card,7372.6865,2023-07-14
520,7781,Utility Bills,Wallet,15385.4857,2023-06-22
521,7422,Shopping,Net Banking,10025.522,2023-02-24
522,7783,Travel,Credit Card,10097.6813,2023-04-27
523,7211,Shopping,Net Banking,11574.0961,2023-08-06
524,7283,Investments,Cash,5566.3448,2023-08-23
525,7006,Groceries,Net Banking,15468.1428,2023-04-11
526,7799,Travel,Net Banking,2921.2378,2023-06-21
527,7431,Investments,UPI,6692.3813,2023-11-19
528,7469,Food,Wallet,14902.0898,2023-01-10
529,7932,Travel,UPI,10314.6502,2023-01-30
530,7309,Utility Bills,UPI,9117.2556,2023-12-16
531,7180,Investments,UPI,5787.6624,2023-12-05
532,7847,Shopping,Net Banking,10857.3555,2023-05-23
533,7053,Investments,Wallet,9817.7004,2023-06-11
534,7676,Groceries,Cash,10543.2019,2023-10-08
535,7871,Utility Bills,Wallet,12902.8142,2023-04-06
536,7465,Travel,Net Banking,14529.867,2023-02-12
537,7365,Utility Bills,Net Banking,11596.3951,2023-06-11
538,7308,Shopping,Net Banking,4609.0449,2023-09-17
539,7469,Investments,UPI,2168.8323,2023-03-09
540,7785,Travel,Credit Card,18789.5741,2023-07-16
541,7080,Groceries,Wallet,4069.4313,2023-04-21
542,8010,Travel,Debit Card,19820.4133,2023-02-28
543,7670,Investments,Cash,3015.2046,2023-03-19
544,7432,Shopping,UPI,16136.2453,2023-02-08
545,7295,Groceries,Wallet,16082.7373,2023-03-18
546,7999,Travel,UPI,1747.8877,2023-07-17
547,7576,Shopping,Wallet,12211.4199,2023-03-31
548,7167,Groceries,Net Banking,11047.261,2023-07-01
549,7458,Groceries,Net Banking,14313.0943,2023-10-19
550,7862,Investments,Net Banking,6427.0729,2023-12-01
551,7320,Travel,Net Banking,6289.099,2023-09-10
552,7797,Investments,Cash,16762.0057,2023-07-11
553,7167,Investments,Cash,9796.6086,2023-01-05
554,7106,Investments,Debit Card,7698.0586,2023-04-13
555,7584,Shopping,Credit Card,10008.7543,2023-02-28
556,7198,Groceries,Net Banking,5682.1236,2023-09-12
557,7422,Shopping,Credit Card,8969.0494,2023-09-01
558,7344,Utility Bills,Net Banking,14089.2347,2023-01-01
559,7444,Food,Net Banking,5605.8482,2023-11-25
560,7773,Shopping,UPI,5767.4165,2023-01-31
561,7866,Food,UPI,17151.7333,2023-05-16
562,7188,Food,Debit Card,10446.9133,2023-05-15
563,7269,Travel,Net Banking,9219.0548,2023-01-01
564,7616,Utility Bills,Net Banking,7536.4864,2023-03-27
565,7698,Groceries,Cash,7640.1917,2023-03-17
566,7810,Groceries,Net Banking,15045.5942,2023-05-19
567,7490,Shopping,Net Banking,17964.3784,2023-12-24
568,7583,Food,Net Banking,8522.2722,2023-08-30
569,7874,Travel,Cash,15336.2926,2023-12-02
570,7660,Travel,UPI,2493.0712,2023-08-29
571,7374,Food,Wallet,16163.0707,2023-07-02
572,7051,Investments,Net Banking,4126.9067,2023-07-01
573,7590,Investments,Net Banking,3525.0779,2023-04-16
574,7353,Travel,Credit Card,4685.1071,2023-10-21
575,7943,Investments,UPI,15157.1734,2023-07-06
576,7290,Investments,Cash,6244.9181,2023-04-20
577,7307,Shopping,UPI,11394.9534,2023-12-14
578,7064,Investments,Cash,8915.5843,2023-09-07
579,7144,Groceries,Net Banking,14311.8648,2023-03-20
580,7258,Food,Credit Card,18884.0471,2023-12-16
581,7426,Travel,Credit Card,15696.0613,2023-08-11
582,7858,Food,Net Banking,19832.5029,2023-02-17
583,7104,Investments,Cash,18729.9394,2023-03-15
584,7968,Utility Bills,Cash,19329.2115,2023-06-15
585,7610,Shopping,Wallet,13881.9407,2023-09-30
586,7552,Travel,Wallet,7299.5821,2023-04-13
587,7743,Groceries,Cash,2871.0588,2023-01-16
588,7476,Shopping,Wallet,15241.7829,2023-11-18
589,7252,Investments,Cash,9950.7405,2023-01-29
590,7562,Shopping,Net Banking,19355.1384,2023-08-25
591,7244,Shopping,Credit Card,11302.8432,2023-03-22
592,7366,Shopping,Cash,3517.659,2023-08-30
593,7844,Food,Wallet,12040.0786,2023-07-05
594,7883,Shopping,Wallet,4046.6138,2023-07-20
595,7940,Investments,Wallet,2418.485,2023-04-21
596,7157,Groceries,Wallet,15421.8401,2023-01-04
597,7431,Groceries,UPI,7365.6021,2023-11-30
598,8007,Food,Net Banking,3338.2064,2023-02-23
599,7635,Utility Bills,UPI,5905.6432,2023-06-13
600,7489,Investments,Debit Card,14115.2588,2023-08-23
601,7422,Utility Bills,Credit Card,6574.1285,2023-06-22
602,7931,Utility Bills,Wallet,16157.665,2023-10-12
603,7918,Travel,Cash,13033.5731,2023-05-15
604,7789,Investments,Net Banking,13556.8419,2023-01-01
605,7200,Travel,Credit Card,9188.208,2023-06-13
606,7909,Investments,Credit Card,11917.7131,2023-03-26
607,7269,Food,Cash,5978.6165,2023-04-10
608,7033,Food,Cash,19588.1359,2023-04-06
609,7325,Groceries,Net Banking,6315.2237,2023-02-28
610,7295,Groceries,UPI,19601.1389,2023-03-16
611,7995,Shopping,Net Banking,10137.4326,2023-11-26
612,7973,Investments,Cash,7787.9427,2023-04-19
613,7149,Investments,Net Banking,16776.5745,2023-02-07
614,7058,Food,Cash,7862.5071,2023-05-18
615,8010,Investments,Debit Card,9064.0402,2023-02-27
616,7531,Utility Bills,Debit Card,8519.7608,2023-01-29
617,7028,Utility Bills,Wallet,6601.7225,2023-03-20
618,7649,Shopping,Debit Card,13547.525,2023-09-23
619,7518,Shopping,Debit Card,17217.0879,2023-11-06
620,7091,Food,Wallet,4416.9558,2023-03-17
621,7807,Travel,Net Banking,15215.5779,2023-08-04
622,7986,Food,Credit Card,18505.221,2023-10-26
623,7934,Investments,UPI,10095.5124,2023-05-16
624,7454,Investments,Debit Card,13495.0125,2023-05-29
625,7423,Shopping,Debit Card,5351.9499,2023-11-06
626,7301,Utility Bills,UPI,10549.6536,2023-02-03
627,7592,Utility Bills,Debit Card,12095.5639,2023-01-22
628,7513,Utility Bills,Net Banking,14984.5021,2023-11-02
629,7588,Shopping,UPI,3522.0659,2023-04-23
630,7279,Investments,Credit Card,12154.8863,2023-10-23
631,7234,Groceries,Cash,5662.9698,2023-05-07
632,7876,Food,Wallet,17622.0052,2023-07-12
633,7618,Utility Bills,Net Banking,19470.4307,2023-01-16
634,7253,Shopping,Net Banking,3813.5595,2023-02-20
635,7514,Investments,Debit Card,18616.951,2023-06-29
636,7388,Food,Debit Card,14039.3953,2023-11-07
637,7463,Investments,Net Banking,6822.7643,2023-07-09
638,7454,Shopping,Credit Card,13174.3522,2023-02-12
639,7529,Travel,Wallet,13677.2066,2023-03-14
640,7936,Investments,Wallet,15504.8998,2023-03-12
641,7937,Food,Cash,9855.708,2023-10-07
642,7276,Food,Wallet,10859.5229,2023-02-05
643,7095,Investments,UPI,19106.6858,2023-09-29
644,7532,Utility Bills,Debit Card,15086.1413,2023-04-08
645,7421,Travel,UPI,19425.1257,2023-05-31
646,7688,Utility Bills,UPI,11045.7662,2023-08-27
647,7692,Utility Bills,Credit Card,7558.4555,2023-05-31
648,7722,Utility Bills,Cash,11409.3555,2023-10-13
649,7247,Investments,UPI,3635.3945,2023-09-18
650,7487,Investments,Wallet,7630.2926,2023-03-09
651,7921,Investments,UPI,8141.1041,2023-05-09
652,7342,Investments,Debit Card,1914.37,2023-05-11
653,7575,Food,Cash,17009.1526,2023-03-09
654,7868,Investments,Wallet,4727.9658,2023-06-24
655,7056,Utility Bills,UPI,13494.6663,2023-03-22
656,7568,Utility Bills,Credit Card,12072.5503,2023-06-10
657,7201,Food,Cash,6315.1351,2023-03-07
658,7767,Food,Debit Card,4975.6965,2023-10-27
659,7818,Groceries,Debit Card,5432.7504,2023-08-17
660,7325,Shopping,UPI,12515.8536,2023-09-22
661,7319,Food,Wallet,10201.1416,2023-08-06
662,7562,Shopping,Cash,16758.5952,2023-01-20
663,7481,Groceries,Wallet,10238.4792,2023-07-04
664,7131,Utility Bills,Debit Card,9140.0717,2023-12-25
665,7187,Shopping,Wallet,17803.0762,2023-03-19
666,7344,Groceries,Wallet,3580.5459,2023-02-12
667,7451,Shopping,Net Banking,4537.8024,2023-08-03
668,7325,Groceries,UPI,4544.2325,2023-12-26
669,7664,Investments,Credit Card,10496.3036,2023-07-11
670,7015,Utility Bills,Net Banking,11319.1412,2023-01-05
671,7898,Utility Bills,Cash,12214.2422,2023-04-21
672,7167,Investments,UPI,19074.6641,2023-01-05
673,7171,Utility Bills,Credit Card,7056.5782,2023-09-12
674,7065,Investments,Debit Card,6971.8532,2023-08-30
675,7116,Utility Bills,Net Banking,6352.7991,2023-07-22
676,7933,Groceries,Net Banking,18964.3288,2023-08-20
677,7531,Utility Bills,Net Banking,6013.7237,2023-01-20
678,7358,Shopping,Cash,6018.9754,2023-11-25
679,7050,Food,Debit Card,4610.018,2023-12-02
680,7113,Utility Bills,Credit Card,18076.4238,2023-09-22
681,7513,Utility Bills,UPI,8367.1383,2023-04-15
682,7203,Travel,Debit Card,4115.8861,2023-12-28
683,7041,Investments,UPI,7489.4705,2023-06-19
684,7012,Groceries,Wallet,5788.6809,2023-07-18
685,7537,Groceries,Net Banking,11471.3209,2023-08-26
686,7514,Shopping,Cash,6454.0827,2023-01-27
687,7879,Shopping,Debit Card,8514.4481,2023-04-10
688,7875,Travel,Debit Card,9031.5237,2023-11-11
689,7559,Shopping,UPI,7587.1268,2023-10-29
690,7455,Travel,Cash,2501.9081,2023-01-16
691,7136,Groceries,Debit Card,12241.0327,2023-10-06
692,7258,Investments,Cash,8524.1816,2023-11-16
693,7758,Groceries,Debit Card,15292.6633,2023-08-30
694,7658,Shopping,Net Banking,14764.3162,2023-08-16
695,7376,Utility Bills,Debit Card,7651.3846,2023-01-10
696,7072,Utility Bills,Credit Card,16322.8952,2023-09-06
697,7157,Food,Cash,8977.2834,2023-08-08
698,7545,Utility Bills,Net Banking,7346.1722,2023-03-21
699,7185,Food,Net Banking,10868.0834,2023-08-06
700,7482,Travel,UPI,18023.4577,2023-07-28
701,7415,Shopping,Cash,5254.6329,2023-10-17
702,7344,Shopping,Wallet,5093.6851,2023-09-30
703,7457,Food,Wallet,15969.3907,2023-11-01
704,7411,Investments,Cash,14998.0684,2023-11-19
705,7090,Investments,Net Banking,19948.984,2023-09-20
706,7381,Travel,UPI,9729.8752,2023-07-25
707,7612,Investments,Net Banking,3360.0434,2023-03-18
708,7738,Groceries,UPI,3509.7458,2023-12-07
709,7120,Groceries,Credit Card,7726.9161,2023-05-20
710,7271,Food,Cash,5178.0589,2023-04-25
711,7645,Food,Debit Card,5469.1804,2023-04-04
712,7928,Groceries,Cash,1695.3051,2023-05-27
713,7398,Utility Bills,Debit Card,11511.1374,2023-10-04
714,7598,Utility Bills,Debit Card,15197.5617,2023-09-07
715,7609,Groceries,Debit Card,7539.0109,2023-08-19
716,7090,Food,Cash,10232.5767,2023-05-29
717,7471,Food,Debit Card,2809.7665,2023-06-20
718,7690,Groceries,UPI,11399.7753,2023-03-13
719,7983,Groceries,Cash,11676.5077,2023-12-08
720,7451,Groceries,Debit Card,18836.6479,2023-09-01
721,7274,Investments,Credit Card,5781.3977,2023-08-08
722,7602,Groceries,Wallet,15600.397,2023-10-20
723,7659,Shopping,Wallet,17853.7282,2023-05-02
724,7136,Investments,Cash,7640.8185,2023-09-08
725,7216,Travel,Cash,13258.3977,2023-06-28
726,7189,Investments,Wallet,18663.2109,2023-12-22
727,7802,Investments,UPI,9885.3577,2023-11-24
728,7178,Shopping,Credit Card,16372.1828,2023-08-27
729,7465,Groceries,Net Banking,18381.2061,2023-06-22
730,7660,Food,Wallet,11939.2357,2023-04-04
731,7261,Utility Bills,Wallet,10528.6978,2023-10-16
732,7790,Groceries,Cash,13631.5815,2023-01-06
733,7477,Travel,Cash,11832.2088,2023-03-28
734,7388,Food,Wallet,10979.0238,2023-05-01
735,7896,Utility Bills,Debit Card,7077.4919,2023-01-05
736,7028,Travel,Debit Card,3149.5291,2023-05-14
737,7678,Utility Bills,Credit Card,7546.7494,2023-12-19
738,7037,Investments,Cash,17880.3115,2023-01-14
739,7643,Investments,Wallet,4711.7804,2023-06-19
740,7248,Shopping,UPI,6031.7217,2023-10-09
741,7682,Food,Net Banking,3865.5305,2023-12-01
742,7717,Groceries,UPI,13624.4621,2023-03-13
743,7584,Investments,UPI,7900.9016,2023-11-06
744,7746,Shopping,Debit Card,7460.9205,2023-07-10
745,7045,Investments,Cash,19361.8659,2023-05-03
746,7693,Shopping,Cash,4145.2693,2023-04-26
747,7982,Groceries,Net Banking,15684.888,2023-05-13
748,7887,Food,Credit Card,16743.3491,2023-07-12
749,7806,Travel,Debit Card,7881.6737,2023-08-09
750,7843,Travel,Cash,13695.6768,2023-07-31
751,7702,Travel,UPI,18929.9562,2023-10-18
752,7870,Utility Bills,Debit Card,8122.5511,2023-05-04
753,7909,Utility Bills,Wallet,19324.4019,2023-03-12
754,7009,Utility Bills,Cash,8649.1147,2023-09-16
755,7792,Travel,UPI,11556.4722,2023-04-03
756,7659,Food,Net Banking,17927.215,2023-03-25
757,7077,Utility Bills,Cash,5869.303,2023-05-26
758,7796,Groceries,UPI,5736.054,2023-08-25
759,7529,Travel,Debit Card,10261.9604,2023-02-09
760,7750,Shopping,Cash,13844.2882,2023-05-20
761,7508,Utility Bills,Credit Card,11631.4051,2023-08-19
762,7565,Groceries,Net Banking,17669.4743,2023-03-22
763,7563,Food,UPI,10178.5008,2023-07-24
764,7908,Utility Bills,Net Banking,4481.1481,2023-01-08
765,7420,Food,Credit Card,19733.7806,2023-09-24
766,7069,Food,UPI,12229.1336,2023-08-05
767,7824,Shopping,Credit Card,16890.5861,2023-01-08
768,7468,Shopping,UPI,17685.8683,2023-01-06
769,7318,Utility Bills,Cash,3763.353,2023-03-28
770,7412,Investments,Debit Card,14218.5516,2023-03-26
771,7220,Shopping,Debit Card,19778.6137,2023-03-03
772,7243,Investments,UPI,9462.4951,2023-10-06
773,7547,Utility Bills,Debit Card,9824.1596,2023-06-22
774,7002,Groceries,Credit Card,18397.8913,2023-09-21
775,7174,Shopping,Debit Card,8752.0578,2023-04-06
776,7051,Investments,Cash,4118.0196,2023-04-06
777,7072,Food,Debit Card,18417.7611,2023-06-23
778,7913,Travel,Net Banking,16301.7923,2023-10-18
779,7051,Shopping,Net Banking,7020.586,2023-03-16
780,8004,Investments,Wallet,12338.0022,2023-02-03
781,7665,Travel,Cash,19326.4613,2023-11-23
782,7459,Utility Bills,Debit Card,12913.8192,2023-11-17
783,7205,Utility Bills,Wallet,1749.0807,2023-09-13
784,7068,Investments,Cash,16002.9347,2023-07-07
785,7257,Utility Bills,UPI,1876.0667,2023-04-25
786,7148,Food,Cash,4579.3823,2023-05-16
787,7982,Shopping,Wallet,10294.8227,2023-09-10
788,7234,Shopping,Cash,7992.3065,2023-02-02
789,7416,Utility Bills,Wallet,17285.0923,2023-07-24
790,7066,Shopping,Cash,3543.4673,2023-04-26
791,7256,Travel,Debit Card,8393.3391,2023-04-15
792,7132,Food,Net Banking,14692.4739,2023-05-12
793,7318,Utility Bills,Net Banking,9709.6116,2023-02-08
794,7459,Food,Credit Card,16270.347,2023-11-19
795,7517,Investments,UPI,15369.3247,2023-10-25
796,7120,Utility Bills,UPI,4295.3729,2023-04-22
797,7116,Food,UPI,6532.6267,2023-09-17
798,8007,Food,Credit Card,17371.8305,2023-07-16
799,7901,Investments,Wallet,7137.8298,2023-11-08
800,7426,Travel,Cash,19690.1608,2023-07-13
801,7021,Food,Credit Card,6329.3193,2023-11-05
802,7554,Food,Credit Card,12305.4546,2023-09-13
803,7819,Utility Bills,Wallet,10500.9531,2023-04-21
804,7202,Shopping,UPI,16824.0028,2023-09-25
805,7945,Food,Debit Card,18094.9941,2023-06-04
806,7620,Shopping,UPI,16313.5266,2023-06-05
807,7179,Travel,Net Banking,16292.8653,2023-02-06
808,7598,Shopping,Credit Card,12788.0084,2023-05-30
809,7914,Utility Bills,Wallet,11179.8342,2023-07-04
810,7662,Shopping,Wallet,17179.7223,2023-08-14
811,7104,Investments,Wallet,5005.9337,2023-10-07
812,7192,Investments,Cash,1937.8546,2023-03-24
813,7040,Groceries,Debit Card,8122.0893,2023-10-13
814,7975,Groceries,UPI,7729.1759,2023-11-06
815,7970,Utility Bills,Credit Card,17218.832,2023-01-01
816,7893,Investments,Wallet,6652.981,2023-03-15
817,7403,Shopping,Cash,16426.4989,2023-01-20
818,7156,Investments,Net Banking,8281.0522,2023-06-18
819,7379,Groceries,Wallet,16253.0571,2023-01-15
820,7327,Utility Bills,Credit Card,6876.5072,2023-04-20
821,7371,Shopping,Cash,8469.2828,2023-02-18
822,7737,Food,Debit Card,15774.0204,2023-03-27
823,7313,Shopping,Debit Card,17640.8159,2023-10-25
824,7796,Groceries,UPI,17534.4144,2023-10-29
825,7129,Food,Wallet,3655.2896,2023-01-24
826,7876,Investments,Net Banking,11908.045,2023-11-23
827,7275,Investments,Cash,6702.1034,2023-12-24
828,7561,Utility Bills,Debit Card,9251.1776,2023-02-14
829,7330,Investments,Net Banking,10860.8797,2023-06-16
830,7950,Food,Debit Card,6410.8603,2023-04-17
831,7009,Shopping,UPI,4723.1003,2023-08-06
832,7270,Shopping,Debit Card,10411.994,2023-09-28
833,7772,Groceries,Debit Card,17258.5797,2023-01-22
834,7571,Investments,Debit Card,18497.8049,2023-09-02
835,7125,Groceries,Net Banking,2940.8752,2023-11-28
836,7244,Travel,Wallet,16106.9697,2023-07-09
837,7973,Utility Bills,UPI,2180.2985,2023-04-30
838,7165,Shopping,Net Banking,7142.3214,2023-08-23
839,7138,Travel,Cash,4663.9725,2023-06-26
840,7699,Travel,Net Banking,11656.7015,2023-03-19
841,7482,Investments,Wallet,16288.5824,2023-03-20
842,7776,Groceries,Cash,10242.3558,2023-08-20
843,7858,Utility Bills,Debit Card,19375.3475,2023-02-02
844,7807,Groceries,Cash,13880.216,2023-09-07
845,7816,Investments,Cash,8667.8362,2023-06-23
846,7883,Investments,UPI,13089.8648,2023-12-26
847,7040,Investments,UPI,15631.8609,2023-05-17
848,7165,Food,Credit Card,17177.7094,2023-07-24
849,7377,Shopping,Net Banking,17008.455,2023-12-14
850,7306,Utility Bills,Cash,5645.4176,2023-12-08
851,7734,Investments,Net Banking,17747.5558,2023-08-11
852,7548,Investments,Credit Card,8381.991,2023-05-24
853,7605,Investments,Debit Card,11653.7462,2023-06-06
854,7285,Travel,Net Banking,7373.2395,2023-12-15
855,7953,Food,Credit Card,12998.9582,2023-12-07
856,7882,Groceries,Wallet,4709.8694,2023-02-11
857,7930,Groceries,Credit Card,14207.9025,2023-08-05
858,7514,Groceries,Credit Card,11267.3736,2023-08-16
859,7416,Investments,Debit Card,9991.4138,2023-12-12
860,7327,Food,Credit Card,9104.3123,2023-04-15
861,7668,Travel,Credit Card,7767.2252,2023-11-30
862,7539,Shopping,Net Banking,1679.0953,2023-07-22
863,7981,Groceries,Credit Card,2106.021,2023-02-03
864,7904,Utility Bills,Credit Card,12896.4056,2023-09-08
865,7882,Investments,Wallet,18543.6799,2023-06-06
866,7607,Groceries,Cash,4024.1161,2023-09-14
867,7588,Food,Credit Card,10713.0489,2023-03-05
868,8010,Food,UPI,6244.498,2023-11-10
869,7464,Shopping,Credit Card,13328.0257,2023-10-17
870,7412,Utility Bills,UPI,13470.9786,2023-03-22
871,7716,Travel,UPI,19119.845,2023-03-23
872,7846,Shopping,Cash,4098.3312,2023-02-10
873,7637,Food,UPI,16798.1563,2023-04-05
874,7384,Groceries,Cash,7070.033,2023-08-25
875,7014,Shopping,UPI,7925.7355,2023-03-28
876,7567,Shopping,Cash,5468.9685,2023-11-08
877,7587,Utility Bills,Debit Card,15137.5858,2023-10-18
878,7293,Travel,UPI,10665.2293,2023-08-31
879,7729,Utility Bills,Credit Card,3809.8257,2023-03-06
880,7599,Investments,Wallet,3274.9981,2023-07-22
881,7423,Shopping,Wallet,19436.2292,2023-09-11
882,7626,Shopping,Debit Card,19309.0968,2023-08-31
883,7357,Groceries,Wallet,19208.5618,2023-11-05
884,7460,Travel,Credit Card,12929.9375,2023-05-13
885,7856,Investments,Net Banking,7868.7618,2023-04-16
886,7315,Food,Credit Card,1667.0196,2023-06-04
887,7888,Utility Bills,Debit Card,13852.3617,2023-02-02
888,7805,Shopping,Debit Card,4198.7207,2023-02-27
889,7520,Utility Bills,Cash,7811.2424,2023-01-05
890,7348,Food,Wallet,2919.1455,2023-06-27
891,7851,Shopping,Wallet,10298.0792,2023-07-12
892,7046,Groceries,Net Banking,5332.5381,2023-04-08
893,7133,Groceries,Cash,16932.3813,2023-12-17
894,7288,Investments,UPI,12264.2004,2023-11-07
895,8007,Investments,UPI,3807.316,2023-05-04
896,7653,Utility Bills,UPI,5251.4569,2023-08-23
897,7912,Investments,Credit Card,2562.8381,2023-02-01
898,7844,Utility Bills,Credit Card,9241.5092,2023-06-02
899,7308,Utility Bills,Wallet,17668.0648,2023-09-17
900,7537,Food,Cash,6093.0549,2023-10-08
901,7520,Utility Bills,UPI,2141.2689,2023-05-19
902,7500,Shopping,Wallet,5981.2353,2023-10-07
903,7566,Groceries,Wallet,12696.0124,2023-12-08
904,7094,Utility Bills,Credit Card,8000.8803,2023-09-20
905,7325,Utility Bills,Wallet,17930.2669,2023-09-16
906,7929,Shopping,Credit Card,16823.0106,2023-01-27
907,7722,Travel,Cash,14397.5022,2023-11-09
908,7709,Investments,Debit Card,14284.7924,2023-01-09
909,7434,Travel,Cash,19331.545,2023-11-30
910,7170,Investments,Cash,11507.727,2023-09-28
911,7068,Travel,UPI,13190.688,2023-12-18
912,7196,Utility Bills,Debit Card,8460.9424,2023-03-21
913,7758,Utility Bills,Wallet,12257.8671,2023-09-15
914,7265,Investments,Net Banking,10157.5504,2023-02-24
915,7922,Groceries,Net Banking,18892.3092,2023-02-04
916,7937,Investments,Net Banking,1792.4407,2023-08-26
917,7260,Travel,Credit Card,3719.1116,2023-11-16
918,7481,Groceries,Credit Card,1878.3354,2023-08-20
919,7871,Investments,Cash,15656.5094,2023-04-01
920,7387,Food,Net Banking,9690.8165,2023-07-16
921,7284,Shopping,Debit Card,16546.5433,2023-11-05
922,8002,Investments,Wallet,10560.6118,2023-03-11
923,7149,Food,Cash,17625.2345,2023-05-31
924,7561,Investments,Cash,2617.348,2023-12-01
925,7557,Travel,Debit Card,18057.3007,2023-03-23
926,7426,Investments,Net Banking,7089.1408,2023-05-07
927,7111,Shopping,Cash,2696.9619,2023-09-15
928,7334,Food,Wallet,11891.9202,2023-12-18
929,7914,Shopping,Wallet,9488.1344,2023-12-14
930,7619,Groceries,Wallet,11428.4076,2023-09-14
931,7021,Travel,UPI,4670.9693,2023-03-07
932,7455,Groceries,Debit Card,10171.2504,2023-11-13
933,7173,Travel,Cash,6901.6601,2023-03-26
934,7956,Shopping,Cash,17657.398,2023-02-09
935,7279,Travel,Credit Card,13998.2519,2023-10-05
936,7661,Utility Bills,Credit Card,10772.8693,2023-07-02
937,7315,Travel,Debit Card,9613.3097,2023-05-16
938,7032,Food,Net Banking,2336.766,2023-05-17
939,7829,Food,Net Banking,19542.7036,2023-06-17
940,7995,Travel,Net Banking,5776.0231,2023-06-11
941,7625,Shopping,Credit Card,3681.3166,2023-04-20
942,7390,Shopping,UPI,4055.6566,2023-09-08
943,7369,Food,Debit Card,5512.7736,2023-05-19
944,7824,Shopping,Debit Card,8756.8232,2023-11-14
945,7112,Utility Bills,Debit Card,11549.0616,2023-02-04
946,7955,Food,UPI,4263.7115,2023-05-05
947,7661,Investments,Credit Card,6053.2566,2023-05-11
948,7992,Food,Wallet,9360.5012,2023-07-21
949,7198,Travel,Credit Card,10651.3041,2023-09-08
950,7339,Utility Bills,Credit Card,3674.7605,2023-04-14
951,7540,Travel,Cash,6617.2126,2023-02-14
952,7934,Groceries,Debit Card,2234.7401,2023-09-14
953,7246,Food,Net Banking,15094.3087,2023-01-26
954,7776,Groceries,Debit Card,7700.3164,2023-11-26
955,7340,Groceries,Net Banking,3355.3829,2023-03-20
956,7528,Investments,Net Banking,13717.6934,2023-07-01
957,7498,Investments,Net Banking,3538.869,2023-02-24
958,7447,Travel,Credit Card,18350.7931,2023-08-08
959,7853,Travel,Debit Card,4757.2973,2023-12-10
960,7865,Shopping,Net Banking,11960.2448,2023-09-25
961,7459,Groceries,Cash,14548.2408,2023-02-05
962,7889,Utility Bills,Wallet,9069.0283,2023-05-07
963,7052,Travel,Cash,8014.7149,2023-04-13
964,8007,Utility Bills,Wallet,7405.6314,2023-02-03
965,7812,Food,UPI,12176.9835,2023-08-28
966,7512,Food,Wallet,4240.3684,2023-09-18
967,7792,Investments,Debit Card,11985.7747,2023-11-15
968,7005,Food,Cash,14363.5933,2023-08-07
969,7696,Investments,Wallet,3419.9393,2023-10-12
970,7024,Travel,UPI,15095.8624,2023-03-06
971,7786,Shopping,Wallet,13379.5489,2023-05-19
972,7631,Food,Wallet,15593.8312,2023-06-23
973,7050,Food,Cash,7949.7744,2023-01-31
974,7191,Travel,Wallet,3595.9649,2023-05-22
975,7169,Travel,UPI,14845.731,2023-07-29
976,7069,Investments,Credit Card,12336.2415,2023-06-25
977,7360,Groceries,Cash,6389.2852,2023-12-01
978,7473,Groceries,Wallet,4265.9538,2023-08-07
979,7399,Utility Bills,Wallet,11530.9247,2023-02-15
980,7503,Travel,Net Banking,6544.2636,2023-02-08
981,7202,Travel,Wallet,9164.3113,2023-08-11
982,7026,Travel,Wallet,1744.75,2023-07-01
983,7813,Utility Bills,Credit Card,11790.9426,2023-03-11
984,7858,Travel,Net Banking,1857.0489,2023-11-03
985,7536,Travel,UPI,4436.7082,2023-05-16
986,7613,Travel,UPI,13651.9259,2023-06-26
987,7356,Travel,Debit Card,1648.6964,2023-10-09
988,7021,Utility Bills,Wallet,18778.5961,2023-09-26
989,7988,Shopping,Net Banking,2648.1099,2023-03-15
990,7434,Utility Bills,UPI,6762.9014,2023-05-31
991,7752,Shopping,Credit Card,8143.2169,2023-05-10
992,7075,Groceries,Cash,5133.5734,2023-08-25
993,7093,Food,Credit Card,6089.0168,2023-10-25
994,7085,Groceries,Cash,9829.6223,2023-07-11
995,7705,Groceries,Wallet,3674.9696,2023-04-22
996,7705,Investments,Wallet,16082.2128,2023-09-09
997,7739,Investments,Cash,7427.5671,2023-07-17
998,7512,Shopping,Cash,12810.3946,2023-10-24
999,7692,Investments,Credit Card,9138.7805,2023-03-27
1000,7454,Travel,Wallet,7016.1484,2023-11-30
